k,Vernier1,Vernier2,theta_k,,,sin(theta_k)
0,210.266666666667,30.2666666666667,Vernier1,Vernier2,,
1,200.05,20.0666666666667,10.2166666666667,10.2,10.2083333333333,0.177227883894744
2,188.816666666667,8.8,21.45,21.4666666666667,21.4583333333333,0.365824511122757
3,174.166666666667,-5.83333333333333,36.1,36.1,36.1,0.589196357353342
4,160.666666666667,-19.6666666666667,49.6,49.9333333333333,49.7666666666667,0.763420387336073
-1,220.683333333333,40.6666666666667,10.4166666666667,10.4,10.4083333333333,-0.180662198012325
-2,231.666666666667,51.6666666666667,21.4,21.4,21.4,-0.36487678433762
-3,244.083333333333,64.0833333333333,33.8166666666667,33.8166666666667,33.8166666666667,-0.556537315544851
-4,259.75,79.7666666666667,49.4833333333333,49.5,49.4916666666667,-0.760311499167855
